{
    "music.global.action": {
        "replace": false,
        "sounds": [
            {
                "name": "ominius-player:action",
                "stream": "true"
            }
        ]
    },
    "music.global.beatkeeper": {
        "replace": false,
        "sounds": [
            {
                "name": "ominius-player:beatkeeper",
                "stream": "true"
            }
        ]
    },
    "music.global.dare": {
        "replace": false,
        "sounds": [
            {
                "name": "ominius-player:dare",
                "stream": "true"
            }
        ]
    },
    "music.global.electroman_adventures": {
        "replace": false,
        "sounds": [
            {
                "name": "ominius-player:electroman_adventures",
                "stream": "true"
            }
        ]
    },
    "music.global.lunar_spirit": {
        "replace": false,
        "sounds": [
            {
                "name": "ominius-player:lunar_spirit",
                "stream": "true"
            }
        ]
    },
    "music.global.neutronium": {
        "replace": false,
        "sounds": [
            {
                "name": "ominius-player:neutronium",
                "stream": "true"
            }
        ]
    },
    "music.global.race_around_the_world": {
        "replace": false,
        "sounds": [
            {
                "name": "ominius-player:race_around_the_world",
                "stream": "true"
            }
        ]
    },
    "music.global.scourge": {
        "replace": false,
        "sounds": [
            {
                "name": "ominius-player:scourge",
                "stream": "true"
            }
        ]
    },
    "music.global.time_swap": {
        "replace": false,
        "sounds": [
            {
                "name": "ominius-player:time_swap",
                "stream": "true"
            }
        ]
    },
    "music.global.virtual_burnout": {
        "replace": false,
        "sounds": [
            {
                "name": "ominius-player:virtual_burnout",
                "stream": "true"
            }
        ]
    }
}